{
  "name": "scroller",
  "version": "3.1.2",
  "title": "Scroller",
  "author": {
    "name": "Ben Plum",
    "email": "mr@benplum.com",
    "url": "http://www.benplum.com"
  },
  "licenses": [
    {
      "type": "MIT",
      "url": "http://opensource.org/licenses/MIT"
    }
  ],
  "dependencies": {
    "jquery": ">=1.7"
  },
  "description": "A jQuery plugin for replacing default browser scrollbars. Part of the Formstone Library.",
  "keywords": [
    "scroll",
    "scrollbar",
    "ui",
    "javascript",
    "jquery",
    "formstone"
  ],
  "docs": "http://classic.formstone.it/scroller/",
  "demo": "http://classic.formstone.it/scroller/",
  "download": "https://github.com/FormstoneClassic/Scroller",
  "bugs": "https://github.com/FormstoneClassic/Scroller/issues",
  "homepage": "http://classic.formstone.it/scroller/"
}